21.3.2024r. 14:33;save7912.csv
21.3.2024r. 14:33;save30566.csv
21.3.2024r. 14:33;save24058.csv
21.3.2024r. 14:33;save15947.csv
21.3.2024r. 14:33;save29852.csv
21.3.2024r. 14:33;save20874.csv
21.3.2024r. 14:33;save27153.csv
21.3.2024r. 14:33;save17844.csv
21.3.2024r. 14:33;save27032.csv
21.3.2024r. 14:33;save9786.csv
21.3.2024r. 14:33;save20826.csv
21.3.2024r. 14:33;save24340.csv
21.3.2024r. 14:33;save12803.csv
21.3.2024r. 14:33;save2191.csv
21.3.2024r. 14:33;save3024.csv
21.3.2024r. 14:33;save20106.csv
21.3.2024r. 14:33;save15704.csv
21.3.2024r. 14:33;save13998.csv
21.3.2024r. 14:33;save31069.csv
21.3.2024r. 14:33;save25962.csv
21.3.2024r. 14:33;save1127.csv
21.3.2024r. 14:33;save16306.csv
21.3.2024r. 14:55;save28720.csv
24.3.2024r. 20:54;save9832.csv
24.3.2024r. 20:55;save23845.csv
24.3.2024r. 20:56;save10131.csv
