ID_driver;Name1;Name2;Surname
1;Nela;Tymoteusz;Uryga
2;Przemysław;Elżbieta;Graś
3;Dorota;Jeremi;Karpik
4;Marek;Franciszek;Stebel
5;Nela;Ernest;Chłąd
6;Piotr;Justyna;Stępka
7;Emil;Jan;Sado
8;Patryk;Tobiasz;Frost
9;Oliwier;Mikołaj;Szczypiór
10;Alan;Eryk;Hołubowicz
11;Maks;Leon;Langa
12;Filip;Witold;Strzoda
13;Aurelia;Olaf;Pasiut
14;Kamila;Tadeusz;Job
15;Tola;Adam;Pancerz
16;Elżbieta;Adam;Grygorowicz
17;Alex;Kaja;Gwardiak
18;Adam;Dagmara;Wojtach
19;Cezary;Melania;Kędziorek
20;Borys;Franciszek;Salach
21;Dorota;Ada;Kapera
22;Ernest;Marcelina;Kopała
23;Radosław;Aleksander;Pyś
24;Melania;Tadeusz;Zimoń
25;Marcelina;Szymon;Kandziora
26;Agnieszka;Olaf;Roś
27;Jan;Róża;Cader
28;Agnieszka;Marcin;Mytych
29;Damian;Olgierd;Cebulak
30;Aleksander;Monika;Małyszek
31;Sonia;Aniela;Pindor
32;Maks;Błażej;Fornalik
33;Ewelina;Olga;Krywult
34;Fabian;Kamil;Olewniczak
35;Janina;Mikołaj;Woszczak
36;Krzysztof;Natan;Plewnia
37;Jan;Inga;Kijanka
38;Łukasz;Apolonia;Smętek
39;Józef;Julian;Linda
40;Justyna;Jakub;Uliasz
41;Apolonia;Olgierd;Wyrwich
42;Jeremi;Monika;Sado
43;Jan;Maciej;Tadeusiak
44;Arkadiusz;Dagmara;Pachuta
45;Anna Maria;Norbert;Skała
46;Arkadiusz;Kajetan;Jakubaszek
47;Józef;Mikołaj;Czubaszek
48;Olaf;Iwo;Bernard
49;Sebastian;Alex;Heller
50;Michał;Iwo;Ogłaza
51;Szymon;Maks;Majorek
52;Inga;Stefan;Osman
53;Tobiasz;Kazimierz;Kandora
54;Mateusz;Inga;Pałęga
55;Alan;Ada;Zadworny
56;Sandra;Rozalia;Tokaj
57;Maurycy;Piotr;Teper
58;Oliwier;Ada;Łodej
59;Michał;Mikołaj;Wereda
60;Bruno;Elżbieta;Martyka
61;Konstanty;Fabian;Klejna
62;Kaja;Aurelia;Pazoła
63;Marcelina;Gustaw;Łój
64;Nicole;Marcel;Dargacz
65;Melania;Elżbieta;Dębniak
66;Adam;Alex;Zwara
67;Dominik;Lidia;Manista
68;Norbert;Anastazja;Muc
69;Hubert;Eliza;Niechciał
70;Justyna;Agnieszka;Majdan
71;Daniel;Ewelina;Maruszczyk
72;Kornel;Adrian;Wilma
73;Nicole;Mikołaj;Sobel
74;Paweł;Kaja;Tomaszczyk
75;Wiktor;Urszula;Hajduga
76;Marcin;Adrian;Tatarek
77;Bianka;Eryk;Gierasimiuk
78;Sara;Julian;Krężołek
79;Arkadiusz;Tymoteusz;Raczkiewicz
80;Kamila;Bartek;Pałęga
81;Nicole;Bartek;Ochal
82;Marianna;Daniel;Cherek
83;Inga;Eliza;Chudoba
84;Leonard;Marcelina;Łuksza
85;Julita;Sebastian;Kochanowicz
86;Adrian;Adam;Żybura
87;Sonia;Filip;Gebauer
88;Nela;Anna Maria;Kostek
89;Maurycy;Leon;Ślebioda
90;Albert;Franciszek;Młyńczak
91;Miłosz;Michał;Galos
92;Fabian;Tomasz;Szaruga
93;Krzysztof;Kornelia;Denkiewicz
94;Sonia;Adrianna;Maruszczyk
95;Arkadiusz;Mikołaj;Wojcik
96;Maks;Wojciech;Nieradzik
97;Tadeusz;Igor;Roczniak
98;Natasza;Maciej;Ryndak
99;Kazimierz;Jeremi;Klorek
100;Natasza;Ernest;Szabla
101;Daniel;Konstanty;Kujawiak
102;Damian;Nikodem;Nikołajuk
103;Bartek;Olaf;Kucewicz
104;Julian;Artur;Strójwąs
105;Dominik;Inga;Maszczyk
106;Michał;Adam;Szulczyk
107;Dominik;Marcelina;Jarkiewicz
108;Oliwier;Adrianna;Barłóg
109;Ignacy;Sandra;Karwala
110;Jeremi;Leonard;Kwoka
111;Adam;Kaja;Kowalak
112;Agnieszka;Aniela;Paściak
113;Kaja;Julian;Ostręga
114;Iwo;Błażej;Podsiedlik
115;Ida;Grzegorz;Grzenia
116;Gabriel;Urszula;Muc
117;Tobiasz;Maciej;Rup
118;Dawid;Marcelina;Łachut
119;Tymon;Aleksander;Horbacz
120;Józef;Roksana;Kieszek
121;Fryderyk;Maksymilian;Otremba
122;Natasza;Mariusz;Dułak
123;Oskar;Rafał;Glaza
124;Marek;Urszula;Pachnik
125;Marcelina;Krystian;Ceran
126;Mateusz;Gabriel;Świtaj
127;Urszula;Juliusz;Godyń
128;Błażej;Stefan;Falba
129;Jerzy;Radosław;Kudra
130;Cezary;Kamil;Kononowicz
131;Ryszard;Oliwier;Milej
132;Igor;Dagmara;Puto
133;Sebastian;Franciszek;Wiatrak
134;Kornel;Dominik;Filek
135;Jakub;Tymon;Matyjasek
136;Dariusz;Gustaw;Krzyśków
137;Krystyna;Artur;Marach
138;Przemysław;Klara;Rolak
139;Sebastian;Julita;Jaskóła
140;Ignacy;Jacek;Smagała
141;Ewelina;Szymon;Mudlaff
142;Krystian;Eliza;Sołek
143;Aurelia;Michał;Salach
144;Monika;Szymon;Witkowicz
145;Bianka;Tymoteusz;Plewnia
146;Olaf;Alan;Radziewicz
147;Julianna;Maciej;Styrna
148;Adrianna;Grzegorz;Harasimiuk
149;Jan;Fryderyk;Jarczyk
150;Bartek;Mieszko;Stebel
151;Dorota;Marianna;Mironiuk
152;Sonia;Leonard;Owczarczak
153;Marek;Arkadiusz;Raźny
154;Cyprian;Mikołaj;Pochopień
155;Alan;Piotr;Jonczyk
156;Krystian;Kamil;Rej
157;Rafał;Karina;Wieczerzak
158;Maks;Szymon;Byzdra
159;Liwia;Kornel;Palica
160;Monika;Mieszko;Gogol
161;Tadeusz;Krystyna;Kociemba
162;Adrianna;Anastazja;Groborz
163;Arkadiusz;Alan;Stempniak
164;Karol;Piotr;Łapaj
165;Franciszek;Aurelia;Kiryluk
166;Fabian;Sylwia;Łyp
167;Angelika;Kamil;Smoczyk
168;Kazimierz;Malwina;Dziadkiewicz
169;Michał;Ada;Szłapa
170;Mikołaj;Liwia;Saternus
171;Kazimierz;Mateusz;Maruszczak
172;Jeremi;Bartek;Wypchło
173;Jan;Marcelina;Lizoń
174;Konrad;Aniela;Brodowicz
175;Jan;Malwina;Linka
176;Dariusz;Julianna;Galek
177;Kalina;Apolonia;Prokopczyk
178;Kazimierz;Bruno;Kieloch
179;Adrian;Damian;Droździk
180;Grzegorz;Natasza;Turlej
181;Stanisław;Elżbieta;Durlej
182;Konrad;Tomasz;Siewert
183;Karol;Tomasz;Froń
184;Julianna;Juliusz;Kopyść
185;Kaja;Juliusz;Misiejuk
186;Elżbieta;Jan;Dusik
187;Dominik;Konstanty;Szymonik
188;Dorota;Emil;Leszczyk
189;Aleksander;Witold;Fedyk
190;Sandra;Konstanty;Celuch
191;Wiktor;Juliusz;Piwek
192;Bruno;Kalina;Kulus
193;Wojciech;Melania;Stranc
194;Dorota;Rafał;Łodej
195;Kamil;Robert;Bazydło
196;Juliusz;Aniela;Szczesiak
197;Nela;Krystyna;Kapcia
198;Sonia;Nela;Haponiuk
199;Hubert;Aleksander;Świć
200;Olga;Wojciech;Kubasiak
201;Albert;Sara;Orpel
202;Sylwia;Bartek;Mućka
203;Olgierd;Nela;Małyszek
204;Marika;Tadeusz;Osik
205;Wiktor;Gabriel;Kostek
206;Sylwia;Albert;Garbaciak
207;Kornelia;Witold;Gajowiak
208;Dominik;Tymoteusz;Mendyka
209;Kazimierz;Adrian;Krysta
210;Konrad;Borys;Cimoch
211;Tadeusz;Emil;Trzmiel
212;Dominik;Jerzy;Maćczak
213;Eryk;Wiktor;Małycha
214;Borys;Jerzy;Szramka
215;Blanka;Radosław;Stanclik
216;Dominik;Robert;Domian
217;Tadeusz;Damian;Stark
218;Ryszard;Jędrzej;Panicz
219;Karol;Tomasz;Gąszczak
220;Franciszek;Karol;Łaskawiec
221;Kazimierz;Agnieszka;Bogaczyk
222;Nikodem;Hubert;Nurek
223;Jerzy;Eliza;Skomra
224;Ksawery;Leon;Kuropatwa
225;Aniela;Adrianna;Flaga
226;Nikodem;Fryderyk;Jancewicz
227;Leon;Natasza;Holeksa
228;Liwia;Tymoteusz;Ciaś
229;Dariusz;Anastazja;Styrna
230;Aniela;Bartek;Ćwierz
231;Iwo;Gabriel;Bystrek
232;Michał;Kamila;Fierek
233;Mariusz;Kamil;Fogiel
234;Julian;Cezary;Łaszczyk
235;Aleksander;Natan;Kuśnierek
236;Karina;Dariusz;Bartocha
237;Lidia;Krzysztof;Danieluk
238;Krystyna;Łukasz;Bodziony
239;Natasza;Sylwia;Kaczmar
240;Gaja;Wojciech;Mycek
241;Malwina;Julianna;Hamera
242;Gaja;Szymon;Furgała
243;Przemysław;Witold;Fojt
244;Artur;Mikołaj;Nasiadka
245;Kazimierz;Aniela;Ciuk
246;Igor;Adam;Greszta
247;Sandra;Łukasz;Waloch
248;Anita;Patryk;Srokosz
249;Hubert;Kamil;Albin
250;Hubert;Janina;Ludwik
251;Cyprian;Liwia;Łuszczak
252;Stanisław;Eryk;Machoń
253;Wiktor;Blanka;Golonko
254;Ewelina;Ernest;Czerkies
255;Cyprian;Maurycy;Baszak
256;Iwo;Witold;Mosur
257;Dagmara;Franciszek;Majdan
258;Bartek;Kalina;Niewiara
259;Juliusz;Filip;Godzik
260;Aniela;Tobiasz;Chomik
261;Róża;Angelika;Władyka
262;Tomasz;Józef;Piechura
263;Fryderyk;Ignacy;Kryk
264;Róża;Maciej;Dziczek
265;Norbert;Igor;Osada
266;Norbert;Nataniel;Nurkiewicz
267;Kornel;Maksymilian;Nurkiewicz
268;Piotr;Błażej;Puc
269;Filip;Olgierd;Feliniak
270;Anita;Józef;Cich
271;Dorota;Iwo;Jamrożek
272;Ewelina;Dagmara;Chuchla
273;Damian;Oskar;Rzeszut
274;Piotr;Mieszko;Jakubiuk
275;Dominik;Kornel;Skałka
276;Róża;Eliza;Karwot
277;Kamila;Kazimierz;Tarasek
278;Liwia;Kamila;Magryta
279;Maciej;Alan;Bystroń
280;Agnieszka;Tobiasz;Aleksandrzak
281;Sara;Jacek;Buszka
282;Miłosz;Fryderyk;Warmuz
283;Janina;Olgierd;Brzykcy
284;Ryszard;Rozalia;Szpala
285;Tomasz;Anna Maria;Nazimek
286;Alex;Stefan;Szafarz
287;Arkadiusz;Sylwia;Jaroch
288;Alan;Daniel;Strzelczak
289;Jacek;Juliusz;Krzyżostaniak
290;Tomasz;Kamil;Skolik
291;Ida;Igor;Bakalarczyk
292;Filip;Roksana;Dulik
293;Malwina;Sandra;Mordal
294;Olga;Julita;Żymełka
295;Kamila;Anna Maria;Dziurla
296;Jakub;Bianka;Wawszczyk
297;Rafał;Apolonia;Bełz
298;Aurelia;Stanisław;Kruszona
299;Borys;Gabriel;Stawowczyk
300;Ignacy;Nicole;Ligas
301;Borys;Leon;Chojak
302;Sandra;Ignacy;Sadoch
303;Kornelia;Gaja;Miodek
304;Dominik;Alex;Mitoraj
305;Aleksander;Jan;Pompa
306;Julianna;Alan;Wołczyk
307;Eliza;Cezary;Wójs
308;Tobiasz;Dagmara;Bartoszczyk
309;Hubert;Stanisław;Stawowczyk
310;Ernest;Tola;Biesek
311;Dominik;Nicole;Doroba
312;Eliza;Roksana;Osiadacz
313;Marek;Konrad;Fularczyk
314;Karina;Karol;Warchał
315;Tola;Julian;Lepka
316;Anastazja;Anita;Słomiany
317;Dagmara;Aleksander;Kręgiel
318;Rafał;Michał;Złotek
319;Hubert;Miłosz;Franczuk
320;Ryszard;Elżbieta;Dawidczyk
321;Gaja;Leon;Cybul
322;Tomasz;Marcin;Łaś
323;Oskar;Miłosz;Karpeta
324;Lidia;Tymoteusz;Blank
325;Iwo;Kamila;Witkowicz
326;Jan;Jakub;Groborz
327;Leonard;Tobiasz;Butrym
328;Anita;Cezary;Wyrobek
329;Dariusz;Kornel;Kondej
330;Marcelina;Stefan;Płaneta
331;Jakub;Marianna;Giel
332;Oskar;Natan;Makieła
333;Melania;Kazimierz;Mleczek
334;Aleks;Aleks;Perlik
335;Inga;Angelika;Drozda
336;Alan;Róża;Beker
337;Jędrzej;Jerzy;Palica
338;Olaf;Natan;Kudela
339;Damian;Liwia;Grotek
340;Norbert;Nicole;Judek
341;Mikołaj;Kamila;Sapa
342;Marek;Tomasz;Oszust
343;Wojciech;Agnieszka;Magier
344;Kajetan;Krzysztof;Matyjaszek
345;Nicole;Kazimierz;Teter
346;Tobiasz;Nela;Mitek
347;Jędrzej;Anita;Nogieć
348;Błażej;Karina;Maciuk
349;Dagmara;Elżbieta;Szczot
350;Maurycy;Tomasz;Śmieszek
351;Ignacy;Inga;Koczara
352;Melania;Melania;Piestrzeniewicz
353;Fabian;Nela;Widuch
354;Jędrzej;Julian;Stochaj
355;Stefan;Mateusz;Sadlik
356;Rozalia;Daniel;Kaluga
357;Karina;Kamila;Lichoń
358;Leonard;Kacper;Cherek
359;Anita;Franciszek;Krzyszczak
360;Cyprian;Nela;Kujawiak
361;Jakub;Leon;Pochopień
362;Konrad;Sylwia;Jędruch
363;Dawid;Jacek;Kadela
364;Ksawery;Juliusz;Sugier
365;Dagmara;Natasza;Lalak
366;Tobiasz;Natasza;Forysiak
367;Leonard;Józef;Wszoła
368;Klara;Roksana;Goj
369;Gaja;Paweł;Buława
370;Mieszko;Antoni;Bienia
371;Karina;Sylwia;Kojder
372;Aleks;Liwia;Sypek
373;Klara;Lidia;Świętoń
374;Inga;Emil;Noculak
375;Maciej;Alex;Szulist
376;Leon;Łukasz;Kolek
377;Jerzy;Józef;Obst
378;Adrian;Alex;Majtczak
379;Leonard;Szymon;Palonek
380;Olgierd;Monika;Drygała
381;Eliza;Gaja;Stąpor
382;Jędrzej;Kazimierz;Sołtysek
383;Stanisław;Nela;Wendt
384;Mieszko;Marek;Hanke
385;Tadeusz;Jeremi;Chwedoruk
386;Karina;Andrzej;Sobolak
387;Elżbieta;Leonard;Bruzda
388;Róża;Adrian;Batóg
389;Robert;Stefan;Derek
390;Leonard;Tymon;Krenc
391;Jeremi;Norbert;Rezler
392;Marcin;Sara;Draus
393;Sara;Witold;Skocz
394;Gabriel;Marcel;Bielat
395;Cyprian;Marika;Szkopek
396;Mariusz;Nikodem;Hass
397;Kamil;Jacek;Korzonek
398;Lidia;Mariusz;Stanaszek
399;Sebastian;Aleksander;Gorzelańczyk
400;Sonia;Antoni;Ledzion
401;Olga;Sandra;Złotek
402;Dominik;Stefan;Brojek
403;Monika;Aniela;Zegadło
404;Gaja;Karina;Rosłoń
405;Maurycy;Bartek;Polnik
406;Justyna;Łukasz;Królczyk
407;Tymon;Andrzej;Bielat
408;Antoni;Tymoteusz;Fryś
409;Mariusz;Igor;Bartoszczyk
410;Andrzej;Kamila;Brózda
411;Tobiasz;Anita;Araszkiewicz
412;Ignacy;Mikołaj;Czak
413;Marcel;Nicole;Glonek
414;Arkadiusz;Antoni;Kręcisz
415;Miłosz;Roksana;Pernak
416;Witold;Gabriel;Majdan
417;Kamil;Witold;Dela
418;Adam;Marika;Rajczyk
419;Norbert;Mikołaj;Holc
420;Błażej;Ksawery;Członka
421;Nikodem;Bartek;Wijata
422;Anna Maria;Jerzy;Osman
423;Anita;Mieszko;Pasiak
424;Mikołaj;Leon;Puc
425;Konstanty;Konstanty;Płocharczyk
426;Dominik;Marika;Kurpanik
427;Hubert;Olga;Dorobek
428;Kaja;Sara;Borzych
429;Daniel;Stefan;Soczewka
430;Agnieszka;Lidia;Nastały
431;Anastazja;Rozalia;Świerszcz
432;Dawid;Oliwier;Bohdanowicz
433;Kamila;Patryk;Gruza
434;Szymon;Julianna;Sołtysek
435;Mateusz;Anna Maria;Hadaś
436;Kazimierz;Urszula;Melaniuk
437;Marianna;Klara;Konat
438;Janina;Albert;Durlak
439;Aleks;Kaja;Śmieja
440;Marek;Emil;Mik
441;Marianna;Maurycy;Ornat
442;Jerzy;Jacek;Szczerek
443;Krystian;Bianka;Zioła
444;Oliwier;Blanka;Wlaźlak
445;Blanka;Karina;Łapacz
446;Juliusz;Anita;Majos
447;Anita;Ryszard;Sapa
448;Mikołaj;Melania;Wawrzyn
449;Gustaw;Mateusz;Szlęk
450;Filip;Cyprian;Bzymek
451;Tola;Julita;Kurp
452;Angelika;Ignacy;Sankiewicz
453;Sylwia;Artur;Aleksandrzak
454;Natan;Andrzej;Szramka
455;Olaf;Anna Maria;Dłubak
456;Aleksander;Ernest;Matula
457;Emil;Artur;Monkiewicz
458;Eliza;Jan;Peszko
459;Bartek;Ignacy;Wywiał
460;Nikodem;Klara;Cofała
461;Arkadiusz;Anastazja;Matyszczak
462;Tola;Ewelina;Bastek
463;Piotr;Melania;Migała
464;Oliwier;Agnieszka;Roskosz
465;Melania;Monika;Gros
466;Nikodem;Krzysztof;Zbrzeźniak
467;Leon;Gustaw;Raszkiewicz
468;Karina;Aleks;Aleksa
469;Marcelina;Dagmara;Andrzejuk
470;Leon;Dagmara;Kliber
471;Borys;Urszula;Stawinoga
472;Tobiasz;Błażej;Nieścior
473;Nicole;Natan;Supernak
474;Jakub;Leonard;Żelasko
475;Adrian;Inga;Rembisz
476;Julita;Fryderyk;Łapot
477;Marianna;Olgierd;Krenc
478;Tobiasz;Kacper;Bittner
479;Fryderyk;Alex;Sołek
480;Sylwia;Marianna;Niedośpiał
481;Gustaw;Ignacy;Kosman
482;Stanisław;Ernest;Ciołczyk
483;Nicole;Kazimierz;Gryciuk
484;Mateusz;Bartek;Poniedziałek
485;Krystian;Anita;Skalik
486;Miłosz;Leon;Smorąg
487;Natasza;Nataniel;Bodziony
488;Kaja;Jakub;Ruszel
489;Oskar;Kalina;Dycha
490;Ewa;Ernest;Dorobisz
491;Tomasz;Jeremi;Dziedzina
492;Liwia;Alex;Kozubal
493;Kamil;Emil;Ragan
494;Emil;Cezary;Marcińczyk
495;Piotr;Stefan;Trawka
496;Kornel;Stefan;Sibiga
497;Ignacy;Konstanty;Samol
498;Mieszko;Artur;Rzeszutko
499;Borys;Olga;Plich
500;Stanisław;Piotr;Fronczyk
501;Tadeusz;Justyna;Powązka
502;Krystyna;Albert;Szyba
503;Adrianna;Tobiasz;Pielach
504;Maciej;Anna Maria;Herok
505;Kornel;Paweł;Andrukiewicz
506;Wiktor;Mikołaj;Kukieła
507;Krystyna;Grzegorz;Mich
508;Mariusz;Anna Maria;Litwinowicz
509;Ewa;Klara;Nicewicz
510;Inga;Róża;Twardy
511;Emil;Lidia;Rajda
512;Kajetan;Bartek;Kubisz
513;Eryk;Franciszek;Syroka
514;Krzysztof;Maks;Matyjaszek
515;Bruno;Julita;Wawryniuk
516;Grzegorz;Albert;Zadka
517;Monika;Alan;Szymajda
518;Sebastian;Maksymilian;Wita
519;Krystian;Igor;Budzyń
520;Borys;Apolonia;Głownia
521;Monika;Kajetan;Szumny
522;Iwo;Tobiasz;Matyjasek
523;Agnieszka;Agnieszka;Bubel
524;Leon;Janina;Andrearczyk
525;Piotr;Liwia;Florian
526;Marika;Emil;Pleban
527;Elżbieta;Nicole;Zuziak
528;Maurycy;Bianka;Mądrzyk
529;Franciszek;Klara;Demiańczuk
530;Blanka;Ada;Bujas
531;Nicole;Antoni;Grodek
532;Emil;Adam;Rzeszut
533;Kazimierz;Filip;Więckiewicz
534;Igor;Sebastian;Dzidek
535;Sylwia;Aurelia;Brachman
536;Elżbieta;Dominik;Nalazek
537;Krystyna;Fabian;Sadownik
538;Natasza;Leon;Balcewicz
539;Julita;Jeremi;Świstek
540;Tola;Jan;Pezda
541;Tomasz;Natan;Ledzion
542;Apolonia;Marcin;Dytrych
543;Melania;Dagmara;Szymaniuk
544;Eliza;Błażej;Madajczyk
545;Kacper;Marek;Szuta
546;Patryk;Maks;Koloch
547;Hubert;Janina;Hajdas
548;Klara;Nela;Dyka
549;Anita;Tomasz;Szumny
550;Fabian;Kornelia;Bobak
551;Ada;Ida;Święs
552;Roksana;Olaf;Małocha
553;Sebastian;Tola;Dobosiewicz
554;Monika;Róża;Walusiak
555;Marianna;Szymon;Karkocha
556;Mikołaj;Juliusz;Geisler
557;Jerzy;Alan;Janic
558;Cezary;Nataniel;Turlej
559;Przemysław;Sonia;Dorynek
560;Rozalia;Natasza;Wenda
561;Daniel;Iwo;Kłosiewicz
562;Julianna;Julian;Jaźwiec
563;Marcelina;Tadeusz;Maciejko
564;Jeremi;Krzysztof;Siergiej
565;Patryk;Juliusz;Baumgart
566;Norbert;Julianna;Strojna
567;Piotr;Eliza;Bujas
568;Sara;Marcelina;Ciesiółka
569;Mariusz;Przemysław;Trzepizur
570;Maks;Witold;Dudziec
571;Anita;Kaja;Dziadkowiec
572;Patryk;Krystyna;Bracha
573;Ignacy;Jeremi;Latoszek
574;Kazimierz;Ryszard;Maciuk
575;Fryderyk;Bartek;Dziarmaga
576;Aleksander;Julita;Strama
577;Justyna;Fabian;Kopciuch
578;Jakub;Karina;Smagała
579;Grzegorz;Alan;Andrukiewicz
580;Jędrzej;Natasza;Frymus
581;Aleksander;Patryk;Zieniewicz
582;Artur;Norbert;Piotrkowicz
583;Rozalia;Józef;Słomian
584;Norbert;Fryderyk;Narożna
585;Tobiasz;Adrianna;Lorenz
586;Fryderyk;Julian;Koćwin
587;Julita;Gaja;Bryda
588;Marcin;Oskar;Podgórna
589;Grzegorz;Agnieszka;Knysak
590;Ewelina;Emil;Duszczak
591;Kaja;Oliwier;Majdak
592;Franciszek;Arkadiusz;Szyguła
593;Borys;Michał;Ligas
594;Antoni;Bianka;Graj
595;Kornel;Ida;Stępak
596;Nicole;Kaja;Gwardiak
597;Malwina;Marcel;Sopata
598;Jakub;Olaf;Zysk
599;Anna Maria;Nicole;Kuran
600;Sylwia;Iwo;Gros
601;Maciej;Dorota;Słoka
602;Roksana;Gustaw;Misior
603;Michał;Patryk;Korzeniak
604;Sandra;Kaja;Szyda
605;Cyprian;Maurycy;Woroch
606;Karol;Ignacy;Zięciak
607;Marek;Klara;Durma
608;Tomasz;Olga;Sereda
609;Łukasz;Borys;Sadownik
610;Tomasz;Róża;Fronczyk
611;Piotr;Elżbieta;Pronobis
612;Józef;Ignacy;Szmajda
613;Anna Maria;Julita;Hak
614;Sebastian;Julian;Niewola
615;Adam;Wiktor;Martynowicz
616;Janina;Ida;Walenciak
617;Tadeusz;Gaja;Rudyk
618;Aleksander;Jan;Kopyto
619;Sonia;Tola;Wosiek
620;Maciej;Sandra;Hass
621;Błażej;Mateusz;Jarczak
622;Tadeusz;Marek;Sypień
623;Juliusz;Kalina;Pułka
624;Melania;Mariusz;Ptok
625;Natasza;Fabian;Hudzik
626;Aleksander;Kaja;Kiryluk
627;Karol;Ernest;Zawiasa
628;Hubert;Aleks;Wiak
629;Liwia;Hubert;Szulist
630;Ryszard;Dariusz;Wawrzynek
631;Nikodem;Juliusz;Greszta
632;Agnieszka;Sebastian;Seidel
633;Tola;Kaja;Wojtalik
634;Alex;Tola;Midura
635;Sylwia;Daniel;Prokurat
636;Tomasz;Tobiasz;Kostorz
637;Maks;Paweł;Waloszek
638;Ryszard;Natasza;Zastawny
639;Marcelina;Maurycy;Litwińczuk
640;Mikołaj;Angelika;Juśkiewicz
641;Fryderyk;Borys;Mielcarz
642;Aurelia;Artur;Pawliszyn
643;Elżbieta;Józef;Prokopiak
644;Julita;Sonia;Jędrys
645;Aurelia;Robert;Lisak
646;Leonard;Anastazja;Korek
647;Marika;Cezary;Wydrych
648;Andrzej;Józef;Motak
649;Aleksander;Wojciech;Pysz
650;Grzegorz;Eliza;Pawliczak
651;Gabriel;Emil;Opalach
652;Sebastian;Kazimierz;Kwapisiewicz
653;Damian;Paweł;Filas
654;Emil;Julianna;Cacko
655;Róża;Kornel;Tórz
656;Stefan;Olgierd;Golonko
657;Dominik;Paweł;Borzym
658;Artur;Tola;Śnieg
659;Róża;Tobiasz;Idec
660;Maksymilian;Leonard;Bender
661;Rafał;Ida;Buchholz
662;Kamila;Nikodem;Raźniak
663;Angelika;Adrian;Szymula
664;Karina;Aleks;Obarzanek
665;Roksana;Wojciech;Ambrożewicz
666;Arkadiusz;Róża;Szynkiewicz
667;Miłosz;Damian;Grosz
668;Fabian;Kajetan;Jaszczur
669;Cezary;Blanka;Mesjasz
670;Rozalia;Elżbieta;Pilarek
671;Anna Maria;Szymon;Jędrzejek
672;Anastazja;Aniela;Bacik
673;Piotr;Hubert;Pierz
674;Monika;Klara;Klebba
675;Aleksander;Karol;Bojarczuk
676;Hubert;Kamil;Tokarek
677;Kacper;Natan;Rejmer
678;Artur;Natasza;Igras
679;Marek;Oliwier;Judek
680;Kaja;Igor;Bogusiewicz
681;Kacper;Kaja;Hałat
682;Sara;Jakub;Pernak
683;Lidia;Cezary;Sumera
684;Anastazja;Sara;Grzejszczak
685;Justyna;Gaja;Szczechowicz
686;Adrian;Adrian;Kornet
687;Fryderyk;Filip;Mrózek
688;Melania;Anita;Kwapis
689;Józef;Marika;Szpyrka
690;Liwia;Adrian;Noculak
691;Aleksander;Bruno;Barankiewicz
692;Klara;Jeremi;Feliniak
693;Jędrzej;Daniel;Godzwon
694;Wojciech;Konrad;Sumera
695;Julita;Inga;Kurczab
696;Bruno;Nikodem;Górnisiewicz
697;Mateusz;Rafał;Mikita
698;Karina;Michał;Korniak
699;Konstanty;Angelika;Berus
700;Nela;Daniel;Droździk
701;Adam;Jędrzej;Woda
702;Antoni;Klara;Nitek
703;Ewa;Anna Maria;Lademann
704;Ernest;Marianna;Huszcza
705;Anastazja;Maksymilian;Tadeusiak
706;Robert;Wiktor;Wojaczek
707;Malwina;Dominik;Bittner
708;Tomasz;Kajetan;Dulewicz
709;Marcin;Artur;Protasiuk
710;Krystyna;Julita;Henke
711;Karina;Paweł;Serwach
712;Cyprian;Patryk;Dudkowiak
713;Ewa;Fabian;Szałata
714;Marek;Kamila;Łaszcz
715;Dariusz;Andrzej;Gustaw
716;Krzysztof;Bruno;Kapałka
717;Eliza;Fabian;Sommerfeld
718;Błażej;Anita;Rolek
719;Mieszko;Anna Maria;Samson
720;Aniela;Dorota;Kołodziejak
721;Kazimierz;Mikołaj;Sularz
722;Olga;Przemysław;Pituła
723;Leonard;Anita;Bochnak
724;Franciszek;Ewelina;Żabierek
725;Jędrzej;Albert;Budniak
726;Maksymilian;Malwina;Kukawka
727;Adrianna;Michał;Jarczyk
728;Fryderyk;Ernest;Bender
729;Kamila;Fabian;Różewicz
730;Paweł;Maksymilian;Szymonik
731;Radosław;Jędrzej;Kuster
732;Aurelia;Alan;Wawrzynek
733;Julita;Janina;Kalota
734;Dominik;Bianka;Świętoń
735;Krzysztof;Bruno;Trojanowicz
736;Kajetan;Sonia;Pastor
737;Sonia;Anastazja;Wacław
738;Lidia;Tola;Petryk
739;Gustaw;Daniel;Wygoda
740;Ida;Rozalia;Janowiak
741;Julianna;Natasza;Moj
742;Alex;Julita;Bienia
743;Angelika;Antoni;Sasak
744;Kajetan;Anita;Capiga
745;Róża;Leonard;Szkup
746;Nela;Olgierd;Giers
747;Arkadiusz;Leonard;Żółtek
748;Jakub;Witold;Sopata
749;Monika;Aleks;Dziduch
750;Urszula;Jeremi;Patrzałek
751;Igor;Michał;Pawlaczek
752;Inga;Olgierd;Smal
753;Róża;Bianka;Gronostaj
754;Wiktor;Kornel;Joszko
755;Tadeusz;Jeremi;Cyman
756;Maciej;Marcelina;Korgul
757;Sylwia;Filip;Mirgos
758;Mieszko;Witold;Duniec
759;Blanka;Antoni;Buza
760;Roksana;Gabriel;Pituła
761;Kazimierz;Eryk;Gumienny
762;Dawid;Aniela;Engel
763;Maksymilian;Ida;Wiencek
764;Alex;Ada;Łukowicz
765;Marek;Krzysztof;Bona
766;Dorota;Wiktor;Potaczek
767;Klara;Michał;Szpila
768;Damian;Albert;Zimniak
769;Cyprian;Konrad;Gortat
770;Ewa;Aniela;Węgrzynek
771;Mariusz;Róża;Kozica
772;Igor;Filip;Tecław
773;Kornelia;Dagmara;Dyka
774;Alan;Marianna;Zemanek
775;Ksawery;Marek;Druszcz
776;Nicole;Adrian;Mol
777;Cyprian;Rozalia;Arendarczyk
778;Sandra;Blanka;Cimoch
779;Maurycy;Damian;Staciwa
780;Jerzy;Anita;Dzienisz
781;Alex;Róża;Mytych
782;Gaja;Adam;Sacharczuk
783;Adrianna;Stefan;Gosek
784;Nikodem;Aurelia;Jambor
785;Błażej;Ewa;Pośnik
786;Cyprian;Sebastian;Krzywonos
787;Norbert;Cyprian;Kruzel
788;Eryk;Fabian;Kuliberda
789;Sylwia;Ewa;Zieniewicz
790;Jakub;Emil;Osojca
791;Liwia;Justyna;Salomon
792;Łukasz;Ewelina;Salawa
793;Aleks;Bruno;Poniedziałek
794;Jakub;Arkadiusz;Kołata
795;Cezary;Jan;Hołubowicz
796;Przemysław;Kacper;Wyłupek
797;Eryk;Monika;Saran
798;Gaja;Krystyna;Jamroży
799;Adrian;Kajetan;Kijanka
800;Monika;Marcin;Cyrek
801;Tymon;Kazimierz;Paśnik
802;Emil;Marek;Jarka
803;Nicole;Adrian;Winek
804;Emil;Natasza;Szyc
805;Emil;Klara;Parzyszek
806;Marika;Nataniel;Matus
807;Piotr;Apolonia;Parus
808;Cyprian;Jakub;Bereś
809;Jan;Adam;Ciepła
810;Tomasz;Jeremi;Wojaczek
811;Aurelia;Dominik;Dzidek
812;Michał;Wiktor;Dumin
813;Liwia;Artur;Łuszczak
814;Józef;Fabian;Nojman
815;Alex;Jakub;Matyka
816;Filip;Julita;Hanus
817;Aurelia;Sara;Popielarczyk
818;Aniela;Witold;Skała
819;Ignacy;Gabriel;Małysiak
820;Gustaw;Bartek;Ciaś
821;Józef;Aniela;Kręgiel
822;Kamil;Paweł;Sularz
823;Dorota;Gaja;Kott
824;Karina;Sylwia;Wszoła
825;Iwo;Tobiasz;Baster
826;Aleksander;Alan;Gronostaj
827;Marika;Tomasz;Przewoźna
828;Urszula;Janina;Zatoń
829;Dorota;Jeremi;Wojtalik
830;Jakub;Blanka;Bakalarczyk
831;Roksana;Paweł;Chruszcz
832;Nikodem;Fryderyk;Windak
833;Anastazja;Gabriel;Graban
834;Maksymilian;Dorota;Drewicz
835;Dagmara;Mieszko;Bisaga
836;Tadeusz;Sebastian;Trzcionka
837;Kornel;Tymon;Zimoń
838;Ada;Michał;Jambor
839;Kacper;Jan;Labudda
840;Przemysław;Tobiasz;Wyrwał
841;Malwina;Nicole;Zbiciak
842;Andrzej;Franciszek;Majczyna
843;Krzysztof;Ewa;Jeka
844;Błażej;Radosław;Łodyga
845;Franciszek;Aurelia;Fiutak
846;Kornel;Monika;Szymonik
847;Adrian;Maurycy;Kubieniec
848;Stanisław;Apolonia;Kiełbik
849;Anastazja;Dagmara;Dryka
850;Karina;Dariusz;Nyk
851;Grzegorz;Krystian;Nikołajuk
852;Gaja;Blanka;Żołądkiewicz
853;Franciszek;Norbert;Gemza
854;Adrian;Franciszek;Klyszcz
855;Julian;Alex;Ziętal
856;Tobiasz;Maurycy;Pajda
857;Sandra;Tymoteusz;Breś
858;Sylwia;Fryderyk;Drost
859;Ada;Witold;Szlachcic
860;Maks;Bruno;Burczak
861;Olgierd;Nela;Pyszczek
862;Urszula;Wiktor;Pietrusiewicz
863;Michał;Alex;Hulbój
864;Mieszko;Adrian;Ciechowicz
865;Jerzy;Agnieszka;Bawoł
866;Konrad;Ryszard;Bejm
867;Filip;Hubert;Karczmarek
868;Rafał;Justyna;Szczot
869;Julita;Nela;Fogel
870;Natasza;Ryszard;Superson
871;Klara;Artur;Rej
872;Mariusz;Krystian;Łakota
873;Tymon;Julian;Fąferek
874;Inga;Dawid;Banachowicz
875;Ryszard;Aleksander;Jagieło
876;Miłosz;Róża;Tórz
877;Igor;Albert;Dawidek
878;Jerzy;Kaja;Jamrożek
879;Witold;Julita;Chruszcz
880;Oliwier;Konrad;Gadzała
881;Aniela;Ewa;Lepak
882;Julianna;Tymoteusz;Haponiuk
883;Konrad;Przemysław;Hasiak
884;Anita;Krystian;Gilewicz
885;Kajetan;Dorota;Wałdoch
886;Emil;Ewelina;Jambor
887;Błażej;Marcel;Pacia
888;Adrian;Leonard;Karsznia
889;Dariusz;Gabriel;Goik
890;Alex;Adam;Paściak
891;Damian;Kornel;Kwoka
892;Adam;Wiktor;Worach
893;Anita;Hubert;Noculak
894;Monika;Sara;Hamerla
895;Marianna;Eliza;Dietrich
896;Nela;Kornel;Wydmuch
897;Gustaw;Bruno;Pałyga
898;Marek;Witold;Karczmarek
899;Anastazja;Roksana;Kenig
900;Anita;Gabriel;Machoń
901;Kaja;Rozalia;Stochmal
902;Iwo;Karol;Kucab
903;Adrianna;Anna Maria;Fidos
904;Julian;Liwia;Ulfik
905;Leon;Sara;Koterba
906;Justyna;Kacper;Jędrasiak
907;Apolonia;Mateusz;Berek
908;Cezary;Bianka;Czuj
909;Apolonia;Kamil;Zagożdżon
910;Karina;Bartek;Kapcia
911;Marianna;Krystyna;Szarzec
912;Wiktor;Aniela;Plewnia
913;Eryk;Tymon;Korbut
914;Oliwier;Mikołaj;Skoneczna
915;Nikodem;Jan;Flaga
916;Ewelina;Nela;Siwa
917;Olaf;Maciej;Ogrodowicz
918;Ida;Kornel;Bortkiewicz
919;Kornelia;Bianka;Pawlonka
920;Anastazja;Dariusz;Helak
921;Anastazja;Ryszard;Zdancewicz
922;Rozalia;Aleksander;Gregorek
923;Tobiasz;Dariusz;Kościuszko
924;Jędrzej;Miłosz;Błasik
925;Mikołaj;Monika;Stawowczyk
926;Łukasz;Bianka;Krzykała
927;Monika;Grzegorz;Mizgała
928;Aleks;Mieszko;Tomalak
929;Mariusz;Norbert;Wojcik
930;Liwia;Sara;Makurat
931;Hubert;Witold;Hałka
932;Cezary;Norbert;Ragan
933;Aleks;Adrianna;Kiepas
934;Kalina;Wiktor;Osipiuk
935;Alan;Sylwia;Krzyśków
936;Kornel;Kazimierz;Stypuła
937;Juliusz;Oliwier;Waraksa
938;Eryk;Michał;Nehring
939;Sebastian;Róża;Lewko
940;Mikołaj;Grzegorz;Myrcha
941;Malwina;Sara;Prażmo
942;Grzegorz;Patryk;Rawa
943;Adrianna;Grzegorz;Sadlik
944;Hubert;Anastazja;Kurzydło
945;Dawid;Hubert;Beker
946;Adrian;Kamil;Oleksik
947;Kornelia;Jakub;Steinke
948;Jakub;Ryszard;Dacko
949;Igor;Kalina;Kuba
950;Ignacy;Michał;Patoka
951;Antoni;Rafał;Indyk
952;Bartek;Eryk;Łągiewka
953;Julian;Liwia;Doktor
954;Paweł;Filip;Sznura
955;Olaf;Melania;Plona
956;Elżbieta;Paweł;Panicz
957;Kaja;Blanka;Majorek
958;Juliusz;Fabian;Kałek
959;Jerzy;Michał;Cecot
960;Agnieszka;Cyprian;Kruś
961;Olaf;Miłosz;Saj
962;Sandra;Bianka;Siwa
963;Julian;Nela;Nieścior
964;Inga;Maks;Faryna
965;Dagmara;Kamil;Osiadacz
966;Bruno;Ewa;Sydor
967;Ryszard;Melania;Patrzałek
968;Maks;Cyprian;Wyderka
969;Michał;Cezary;Flasza
970;Gaja;Malwina;Dorociak
971;Kornel;Janina;Namysło
972;Alan;Mikołaj;Margol
973;Ignacy;Karina;Ziemak
974;Igor;Norbert;Gasik
975;Kacper;Dominik;Wypchło
976;Rozalia;Jakub;Sarniak
977;Artur;Albert;Wołos
978;Blanka;Elżbieta;Motak
979;Ewelina;Adam;Słomian
980;Liwia;Inga;Kumorek
981;Kornelia;Iwo;Dzierżak
982;Szymon;Alan;Janisz
983;Monika;Jerzy;Heczko
984;Olgierd;Oliwier;Zackiewicz
985;Krystian;Franciszek;Kopyto
986;Sandra;Malwina;Ligas
987;Inga;Julianna;Sajnóg
988;Franciszek;Szymon;Martin
989;Roksana;Przemysław;Łuczyk
990;Tymon;Fabian;Hasiak
991;Ignacy;Wojciech;Kaziród
992;Kaja;Borys;Borkowicz
993;Urszula;Lidia;Berek
994;Angelika;Ada;Kuciel
995;Ewelina;Krystyna;Dziadkowiec
996;Agnieszka;Ada;Adamaszek
997;Cyprian;Filip;Borak
998;Józef;Alan;Przerwa
999;Leon;Blanka;Podsiadła
1000;Rafał;Dariusz;Szymanik
