ID_mieszkania;Miasto;Ulica;Numer_budynku;Numer_mieszkania;Pietro;Liczba_pokoi;Metraz;Cena;Rok_budowy;Miejsce_parkingowe;Komorka_lokatorska;Stan_mieszkania;Balkon;Status_oferty;Opis
MW00001;Gdańsk;Hutnicza;42;145;1;2;90.23;225081.92;2025;TAK;NIE;deweloperski;TAK;zarezerwowane;Centralny organizacja bilet do luty klasztor suma małżeństwo 9.
MW00002;Gdańsk;Lwowska;19;13;10;1;83.46;1238510.66;2025;NIE;TAK;deweloperski;NIE;dostępne;Lubić potem szczęśliwy miara zaczynać otwarty kobiecy za pomocą chyba naukowiec oglądać.
MW00003;Gdańsk;Dworcowa;26;130;4;4;137.57;1399159.09;2025;TAK;NIE;pod klucz;TAK;zarezerwowane;W Czasie narkotyk samochodowy wnętrze spotkanie robić to żołądek poeta rzeczownik jeden ty obrona.
MW00004;Gdynia;Pocztowa;15;193;2;2;127.97;979249.6;2024;NIE;NIE;pod klucz;NIE;sprzedane;Sos Ziemia padać katolicki przeciwnik wewnątrz grzech czapka zaczynać.
MW00005;Gdynia;Stolarska;19;111;10;2;59.15;1297791.33;2024;NIE;TAK;deweloperski;TAK;sprzedane;Tkanina dorosły wóz rozmawiać wypadek dziać się dokonać.
MW00006;Sopot;Kilińskiego;5;8;1;3;135.2;507099.53;2025;TAK;TAK;pod klucz;TAK;zarezerwowane;Węgry smak przy trzydziesty w kształcie ten sam.
MW00007;Gdynia;Widokowa;26;9;7;3;65.5;210572.21;2024;NIE;NIE;deweloperski;NIE;dostępne;Trawa procent słuchać pacjent włożyć jechać skutek wina fałszywy rodzinny więcej.
MW00008;Gdańsk;Maczka;13;104;4;5;139.84;203285.28;2024;NIE;TAK;surowy;TAK;sprzedane;Dawać masło starać się rodzic Afryka sala półwysep stado.
MW00009;Gdańsk;Azaliowa;34;67;3;2;117.59;1463374.38;2024;NIE;TAK;pod klucz;TAK;dostępne;Szósty ciasto wewnątrz park by ziemia amerykański zaufanie.
MW00010;Sopot;Widok;8;162;6;5;92.79;604807.63;2025;TAK;TAK;pod klucz;NIE;dostępne;Dźwięk Grecja bok ojciec cały niż wprowadzać wiosna sobota.
MW00011;Sopot;Wyzwolenia;38;113;6;1;38.39;954470.38;2025;NIE;TAK;deweloperski;NIE;dostępne;Daleko państwowy przedsiębiorstwo być jadalny bić.
MW00012;Gdańsk;Krasińskiego;20;112;1;5;97.35;1499939.22;2025;NIE;NIE;pod klucz;TAK;dostępne;Bułgarski z powodu drużyna obrót radio poprzez spór budzić ktoś.
MW00013;Gdynia;Tartaczna;23;114;8;5;42.9;1471301.57;2024;TAK;TAK;deweloperski;NIE;dostępne;Osobisty transport za obok w ciągu Ziemia ale umiejętność ich wesoły choć mieszkaniec artykuł.
MW00014;Gdynia;Rózana;43;68;9;4;35.64;802695.11;2025;TAK;NIE;deweloperski;TAK;zarezerwowane;Klient długi kwiat wóz zakończenie piętro kosztować dodawać święto powszechny łąka mleko.
MW00015;Gdynia;Zakole;45;49;8;5;78.43;233544.99;2024;NIE;NIE;deweloperski;TAK;zarezerwowane;W Wyniku nocny Piotr finansowy strumień sportowy angielski wieś pięćdziesiąt szereg pierwiastek.
MW00016;Gdynia;Widok;23;139;2;2;97.21;467652.38;2025;NIE;TAK;surowy;NIE;sprzedane;Oba żeński wokół wpływ zgadzać się także ilość.
MW00017;Gdynia;Nowa;47;89;7;4;43.27;572651.83;2024;TAK;TAK;pod klucz;NIE;sprzedane;Odpowiedź styl miękki po prostu związać wywoływać rozmawiać nieść.
MW00018;Sopot;Lotnicza;23;14;10;4;65.37;179407.38;2025;NIE;NIE;surowy;TAK;zarezerwowane;Żaba wynosić ściana wiele wreszcie proszę telefon bycie kość głos herb prostytutka.
MW00019;Gdynia;Korfantego;18;115;9;2;75.23;933956.95;2024;NIE;TAK;surowy;NIE;dostępne;Literacki bronić jabłko nasienie zajmować internetowy móc pusty ustawa w końcu piec wpaść łóżko.
MW00020;Gdynia;Jasna;20;9;10;2;131.04;685739.71;2024;NIE;NIE;surowy;TAK;dostępne;Jego świnia zły duży zaufanie kolumna gdyby późno olej rasa pojęcie niedźwiedź.
MW00021;Sopot;Promienna;13;20;7;2;32.79;1138992.93;2024;TAK;TAK;pod klucz;TAK;sprzedane;Pismo zaś powiedzieć rozmawiać pieśń religia r. szkło prowincja masło podatek.
MW00022;Sopot;Jana Pawła II;12;70;2;3;38.43;591516.0;2025;NIE;TAK;pod klucz;NIE;dostępne;Skłonność szkodliwy siedem wieczorem zachowanie most metal chłop mgła nagle sześć.
MW00023;Gdańsk;Kosynierów;19;156;1;2;115.12;448636.77;2024;TAK;NIE;surowy;NIE;dostępne;Głowa panować telefon sylaba 7 zbiornik przeciwko poprzez osoba który.
MW00024;Sopot;Szmaragdowa;15;83;2;4;55.84;498614.06;2024;NIE;NIE;deweloperski;TAK;zarezerwowane;Stawiać Rosja srebrny mysz obserwować życie.
MW00025;Gdańsk;Kaliska;17;32;2;4;48.87;822080.8;2024;NIE;NIE;surowy;NIE;sprzedane;Wrócić wyglądać chęć region broda straszny uderzenie osoba.
MW00026;Sopot;Reymonta;19;158;4;2;60.68;969824.43;2025;NIE;TAK;surowy;TAK;zarezerwowane;Kupować Bóg uznawać chiński wieś ziemniak źródło katolicki sowa płaszcz.
MW00027;Gdańsk;Piękna;29;171;4;1;71.19;703040.77;2025;NIE;TAK;surowy;TAK;zarezerwowane;Pół przyjąć rodowity obserwować dzielić pasek zimny naczynie ale radiowy nos korona.
MW00028;Gdynia;Rózana;27;51;6;2;67.0;815370.52;2024;TAK;NIE;deweloperski;NIE;sprzedane;Rower obiekt półwysep rano tutaj Litwa pamięć mocno.
MW00029;Sopot;Jarzębinowa;24;151;7;1;68.86;553605.22;2025;TAK;NIE;pod klucz;TAK;sprzedane;Zakończyć rzadko ciągle tekst pismo brązowy położenie japoński natura.
MW00030;Gdańsk;Pułaskiego;21;10;2;2;85.76;970226.47;2025;TAK;TAK;surowy;NIE;dostępne;Zniszczyć Rumunia wszystko odcinek w końcu zarówno 10 pomagać.
MW00031;Gdańsk;Orla;28;71;9;4;42.39;1390822.73;2024;TAK;NIE;surowy;NIE;dostępne;Graniczyć te sześć wygrać przecież wrażenie dokładny zamiar Rzym.
MW00032;Gdańsk;Wąska;6;143;8;5;45.37;948061.67;2024;NIE;TAK;deweloperski;TAK;zarezerwowane;Dziób rzeczownik czasownik dziwny stracić układ biskup brązowy zakres bar zadanie większy.
MW00033;Gdańsk;Zacisze;44;110;0;5;113.51;1361435.38;2024;TAK;TAK;surowy;NIE;zarezerwowane;Sam reguła książę dawno obchodzić prędkość student kula.
MW00034;Gdynia;Poniatowskiego;29;72;9;2;50.72;422985.05;2025;TAK;NIE;deweloperski;NIE;dostępne;Naj- policzek kłaść przestępstwo telewizyjny ośrodek grudzień narodowość.
MW00035;Sopot;Szarych Szeregów;20;187;0;3;56.57;1285274.68;2024;TAK;TAK;pod klucz;NIE;sprzedane;Zdrowy piosenka posiadać kwestia tylko sto powinien.
MW00036;Gdańsk;Wiklinowa;7;35;8;3;149.28;422410.85;2024;TAK;TAK;deweloperski;NIE;sprzedane;Przed mało duch poprzez tradycja tracić obywatel stowarzyszenie.
MW00037;Gdynia;Jeziorna;20;162;10;1;115.08;302381.39;2025;TAK;TAK;pod klucz;NIE;sprzedane;Bok strumień autobus model linia bieda gniazdo stać nadmierny.
MW00038;Gdańsk;Wybickiego;17;106;9;1;110.44;592667.12;2024;NIE;NIE;surowy;NIE;dostępne;Czwartek pięćdziesiąt umrzeć przeszkoda pytać ząb liczba atomowa że jak Azja mały oznaczać.
MW00039;Gdynia;Zacisze;49;63;0;4;57.94;1445348.4;2024;NIE;NIE;surowy;NIE;zarezerwowane;Australia studiować lustro zwrot urodzić się kontakt sól arabski piwo zaś użycie powstanie.
MW00040;Gdynia;Stawowa;1;180;0;2;26.51;1463125.38;2025;TAK;NIE;surowy;TAK;zarezerwowane;Prawny Warszawa urządzenie materiał ptak wyłącznie owad dopływ lecieć transport.
MW00041;Sopot;Zaciszna;27;151;0;2;114.12;1111135.3;2024;TAK;NIE;deweloperski;NIE;zarezerwowane;Scena plemię kraina dostęp przeszkoda stały moralny specjalista sportowy polegać prawy.
MW00042;Gdynia;Klonowa;1;180;0;3;133.65;930400.74;2024;TAK;TAK;pod klucz;TAK;zarezerwowane;Gęś podział kieszeń efekt wpaść sąd.
MW00043;Gdańsk;Szymanowskiego;14;167;3;4;137.15;489959.33;2024;TAK;TAK;pod klucz;TAK;zarezerwowane;Wieczór przedsiębiorstwo styl doprowadzić przez kontrola jeden średniowieczny nasz.
MW00044;Sopot;Brzozowa;4;132;5;4;86.18;1262197.99;2025;NIE;NIE;pod klucz;NIE;zarezerwowane;Listopad zniszczyć bydło minerał cisza noc bydło lustro przeprowadzać prostytutka piętro wyrok powszechny.
MW00045;Gdańsk;Maja;28;122;5;3;72.32;458933.28;2024;NIE;TAK;pod klucz;NIE;zarezerwowane;Abugida oficjalny królestwo biuro morze gwiazdozbiór główny całkowicie czerwony Boże Narodzenie istnieć.
MW00046;Sopot;Grottgera;23;19;4;2;96.69;465038.23;2024;TAK;NIE;pod klucz;TAK;zarezerwowane;Bądź tylko szósty otrzymywać obowiązywać zachowywać się.
MW00047;Gdańsk;Wyzwolenia;31;137;2;4;119.67;1192622.99;2025;TAK;TAK;pod klucz;TAK;sprzedane;Pół gotowy zając narząd wypowiedź urodzić się przedstawienie.
MW00048;Gdańsk;Południowa;22;157;0;2;67.32;487038.5;2025;NIE;TAK;surowy;TAK;sprzedane;Przynieść rezultat ciąża każdy każdy mózg dobry dostęp.
MW00049;Sopot;Stolarska;32;1;1;3;143.87;1315807.21;2025;TAK;TAK;surowy;TAK;zarezerwowane;Stopień coś badanie uwaga Chiny przestępstwo niewielki wspólnota trochę pewien zima.
MW00050;Sopot;Skłodowskiej-Curie;46;110;9;2;38.45;1315494.01;2024;NIE;TAK;surowy;NIE;zarezerwowane;Nadmierny przyprawa kolejowy naturalny pijany pisanie wszystek radiowy wykonanie koło zakończyć przeznaczyć opisać.
MW00051;Sopot;Piękna;37;197;0;5;134.85;801875.8;2024;NIE;TAK;pod klucz;NIE;sprzedane;Wysoko światło duch bądź wiele nawet wyrok widoczny kość broń.
MW00052;Gdynia;Podgórna;31;132;0;4;51.95;975322.78;2025;NIE;TAK;deweloperski;TAK;dostępne;Pióro zając pod dno zabić symbol zwycięstwo walczyć dać minister Francja.
MW00053;Gdańsk;Żurawia;44;64;1;1;46.73;273924.72;2024;NIE;TAK;deweloperski;TAK;zarezerwowane;Przyczyna posługiwać się ciekawy Kościół dziedzina punkt sala kij strach polityka odważny zajmować dużo.
MW00054;Gdynia;Wałowa;7;88;4;3;56.6;1480470.87;2025;NIE;TAK;surowy;TAK;dostępne;Róża samiec ciekawy gęsty waga wobec wykorzystywać układ okresowy.
MW00055;Sopot;Cisowa;2;7;3;5;98.87;1154897.65;2024;TAK;TAK;deweloperski;TAK;zarezerwowane;Powierzchnia zysk wreszcie ludzki małżeństwo pomarańcza płaszcz sam.
MW00056;Gdańsk;Zacisze;20;135;8;5;38.76;417470.29;2024;TAK;NIE;surowy;TAK;dostępne;Indie nieść przechodzić panna toponim kartka drzwi dorosły często pozycja amharski leżeć czas.
MW00057;Gdynia;Partyzantów;50;184;7;1;81.01;1278657.05;2025;TAK;NIE;pod klucz;TAK;dostępne;Służba szczególny utrzymywać smak obywatelka zimno tysiąc sylaba sąsiad –.
MW00058;Sopot;Floriana;25;25;1;2;32.6;742225.52;2025;TAK;TAK;pod klucz;NIE;sprzedane;Siostra 2 rejon początek zwykle Czechy czapka okno pełnić.
MW00059;Sopot;Stolarska;6;101;7;4;127.36;829137.81;2024;TAK;NIE;pod klucz;NIE;zarezerwowane;Ani obowiązywać obok drapieżny budynek skóra północny narząd rozmawiać szczególnie straszny tam.
MW00060;Gdynia;Żwirowa;3;163;8;2;110.89;422852.58;2024;NIE;TAK;pod klucz;NIE;dostępne;Zakres pływać dodatkowy tor biblioteka dalej koło.
MW00061;Gdynia;Kolorowa;21;142;10;5;25.21;932780.01;2024;TAK;TAK;pod klucz;NIE;zarezerwowane;Indie prawda dwudziesty główny królewski pociąg sowa ryba zawód poruszać się.
MW00062;Gdańsk;Kolonia;24;78;8;4;51.29;1213397.39;2025;TAK;NIE;deweloperski;TAK;sprzedane;Rzymski 100 postępować górny tutaj trudność przejście dwa brzuch przygotować.
MW00063;Sopot;Listopada;22;191;10;4;32.66;640832.17;2024;NIE;TAK;deweloperski;TAK;zarezerwowane;Nastrój lekarz substancja łączyć literacki podatek proces wniosek fala.
MW00064;Sopot;Bukowa;15;188;3;2;23.17;1022551.43;2025;TAK;TAK;surowy;TAK;dostępne;Azja miły pić Niemcy pogoda urodzić.
MW00065;Gdynia;Dąbrowskiej;4;126;4;3;52.92;874302.43;2025;TAK;TAK;surowy;NIE;sprzedane;Opłata zajęcie wyrażać godzina wydarzenie krok postępowanie książka.
MW00066;Gdańsk;Krucza;24;50;10;3;90.48;326540.76;2025;NIE;NIE;deweloperski;NIE;zarezerwowane;Państwo stolica spaść śnieg nauczycielka zarówno ile historia.
MW00067;Gdynia;Rolna;28;194;8;1;33.67;1047454.06;2024;NIE;NIE;pod klucz;NIE;dostępne;List siła roślina właściwość samochodowy epoka maj z brzydki kaczka prowadzić.
MW00068;Sopot;Prosta;34;200;2;5;130.24;447454.84;2025;TAK;NIE;surowy;TAK;zarezerwowane;Tutaj słoneczny pomarańcza przyjechać Szwajcaria azjatycki wypadek.
MW00069;Gdynia;Wschodnia;19;128;1;1;22.25;1487386.44;2024;NIE;TAK;pod klucz;TAK;zarezerwowane;Zapis wiedza uderzać uwaga zielony naród gospodarczy dodawać jedyny późny przybyć historyczny.
MW00070;Sopot;Wypoczynkowa;44;199;9;2;130.15;756108.91;2024;TAK;TAK;deweloperski;TAK;sprzedane;Odzież mówić zwykle chyba mierzyć dar przychodzić Ameryka potrzebny odkryć.
MW00071;Sopot;Górna;47;56;9;4;65.01;651474.45;2025;NIE;NIE;surowy;TAK;dostępne;Zły chłopak porządek gwiazdozbiór źle osioł na czasem finansowy pozwalać pojemnik.
MW00072;Gdynia;Powstańców Śląskich;3;102;7;3;144.32;423840.54;2024;TAK;TAK;pod klucz;NIE;dostępne;Znów niewielki rower zdjęcie nadzieja muzyczny siostra pozbawić rana niebo.
MW00073;Gdynia;Myśliwska;18;154;1;4;54.7;783204.64;2024;NIE;TAK;surowy;NIE;sprzedane;Większość ślub prowincja kapelusz drugi towar od angielski długo lustro sąsiad 10.
MW00074;Gdańsk;Jeziorna;32;156;1;2;75.62;1013775.05;2025;NIE;TAK;surowy;TAK;zarezerwowane;Koło miesiąc nadmierny interes kartka jajo czyn barwa listopad.
MW00075;Sopot;Asnyka;32;188;8;5;138.81;775525.17;2024;TAK;NIE;pod klucz;TAK;sprzedane;Podobny wrogi aktywny kamień uznawać Ukraina płyta delikatny amharski kuchnia widoczny.
MW00076;Gdańsk;Wiatraczna;7;13;2;2;125.22;377061.61;2025;TAK;TAK;deweloperski;TAK;zarezerwowane;Pies stawać się właściwość liść sygnał pisanie.
MW00077;Gdańsk;Słonecznikowa;32;20;5;2;122.44;1295899.77;2024;NIE;NIE;surowy;NIE;zarezerwowane;Czekolada odważny telewizyjny uciekać 50 podać wiedza swój matka.
MW00078;Gdynia;Składowa;14;49;3;1;33.84;1166649.76;2025;NIE;NIE;pod klucz;TAK;zarezerwowane;Spadek listopad wykorzystywać włożyć radiowy stolica podczas określenie rosyjski łąka ryzyko układ noga.
MW00079;Gdańsk;Harcerska;1;101;3;1;147.87;622681.01;2024;TAK;TAK;surowy;TAK;sprzedane;Kontynent przyrząd zakładać obóz dodawać klasa typ prawny opuścić rodzina polski.
MW00080;Gdańsk;Młynarska;45;108;4;3;136.47;222282.13;2025;TAK;NIE;pod klucz;NIE;zarezerwowane;Świnia nasiono obwód powstać wrócić książę pytać gołąb siła wszelki lek.
MW00081;Gdańsk;Ptasia;30;114;10;4;89.23;263245.43;2025;NIE;TAK;pod klucz;NIE;sprzedane;Trudno wciąż ostry kawałek żeński ostatni położenie szanowny miły biały.
MW00082;Gdańsk;Miodowa;45;15;10;1;71.37;901740.86;2024;TAK;NIE;pod klucz;TAK;sprzedane;Opieka gwiazdozbiór trzymać forma dziś aby stać się cel.
MW00083;Gdynia;Skłodowskiej-Curie;16;1;9;4;132.2;1402974.57;2024;NIE;TAK;deweloperski;NIE;sprzedane;Pytanie płacić różnica 8 czuć pełny wzdłuż.
MW00084;Gdynia;Kolonia;19;181;0;5;127.12;1327361.64;2024;NIE;NIE;deweloperski;TAK;zarezerwowane;Dziś obecnie wykonywanie pójść nadmierny złodziej grzyb.
MW00085;Sopot;Rynek;3;146;7;3;66.4;1284484.54;2024;NIE;NIE;surowy;NIE;sprzedane;Oczywiście wolność zacząć wspaniały móc filozofia brązowy pełny jasny dokument.
MW00086;Sopot;Nowa;11;148;2;2;127.65;1423264.33;2024;TAK;TAK;pod klucz;TAK;zarezerwowane;Dzięki sobie robić naturalny pająk strefa Afryka maj urzędnik zimno przygotować tekst.
MW00087;Sopot;Łanowa;37;65;10;3;23.1;1021037.79;2024;TAK;NIE;deweloperski;NIE;sprzedane;Suma dorosły określony ryzyko pióro mecz padać dobrze mało mało stanowisko wiek.
MW00088;Gdańsk;Jesienna;30;149;9;1;51.33;526991.47;2025;TAK;NIE;deweloperski;NIE;dostępne;U albo głupi cztery klub wybuch proszę wojsko.
MW00089;Gdańsk;Hutnicza;36;45;3;3;130.4;677903.98;2025;TAK;TAK;surowy;TAK;zarezerwowane;Połowa silny jutro kara wiosna uniwersytet.
MW00090;Gdańsk;Skargi;12;57;7;2;23.36;620004.07;2025;TAK;NIE;surowy;NIE;sprzedane;Określać – sześćdziesiąt październik przebywać brązowy 9 modlitwa.
MW00091;Gdynia;Lipca;8;62;8;1;98.02;261039.8;2024;NIE;TAK;deweloperski;NIE;sprzedane;Przedstawiciel przestać dziwny produkt wygrać robić ból los panna zaraz.
MW00092;Gdańsk;Szarych Szeregów;49;119;4;1;68.46;1372488.61;2025;NIE;TAK;pod klucz;TAK;dostępne;Jak zajmować się myśleć tłum zwyczaj ludowy prawdziwy składać metalowy ogólny.
MW00093;Gdańsk;Moniuszki;3;179;9;4;38.57;1263986.09;2025;TAK;TAK;surowy;NIE;sprzedane;Położony pozostawać przyszłość ja gorący Francja czuć stanowisko.
MW00094;Gdańsk;Rzeczna;4;36;6;1;106.8;645037.95;2024;TAK;NIE;pod klucz;TAK;dostępne;Przyszły służyć jajo chłopak człowiek nagły zajmować się wkrótce ciecz urodzenie dziecko dokument.
MW00095;Sopot;Południowa;20;99;7;4;97.71;850154.07;2024;NIE;TAK;deweloperski;NIE;dostępne;Katolicki niewolnik członek mięso wysoki możliwość kino mierzyć klasa nauczyciel hasło szeroki srebrny.
MW00096;Gdańsk;Żeglarska;20;96;8;3;103.75;1112604.14;2025;NIE;NIE;surowy;TAK;dostępne;Lecz złapać złodziej użyć rower oddać padać niektóry pytać jego ulica modlitwa bogaty.
MW00097;Sopot;Tęczowa;17;176;5;4;57.06;1377307.58;2025;NIE;NIE;deweloperski;TAK;sprzedane;Między dobrze odcień właściwy teatr przestrzeń wyspa.
MW00098;Sopot;Morska;37;187;0;3;68.57;649193.99;2025;TAK;TAK;surowy;TAK;sprzedane;Chleb zabawka działać uśmiech tytuł anioł gdy wydarzenie handel mieszkać.
MW00099;Gdynia;Opolska;41;90;8;1;33.56;233890.54;2025;TAK;NIE;pod klucz;NIE;zarezerwowane;Terytorium odcinek dach ciemny środkowy znać czytać wtedy Białoruś nad.
MW00100;Gdynia;Młynarska;33;140;1;4;124.94;1140272.47;2024;NIE;TAK;pod klucz;TAK;dostępne;Smak autobus ich znajdować się Europa koszt cecha przyrząd ty wioska atak.
